{
    "pools": [
      {
        "rolls": 1,
        "entries": [
          {
            "type": "item",
            "name": "minecraft:crossbow",
            "functions": [
              {
                "function": "set_nbt",
                "tag": "{id:\"ldmc:aquamarine_dagger\",display: {Name: '[{\"translate\":\"item.ldmc.aquamarine_dagger\",\"italic\":false}]'},HideFlags:32,AttributeModifiers: [{Slot: \"mainhand\", AttributeName: \"generic.attack_speed\", Name: \"generic.attack_speed\", Amount: 3d, Operation: 0, UUID: [I;2073619950,1254182825,-1885242875,-1896682705]},{Slot: \"mainhand\", AttributeName: \"generic.attack_damage\", Name: \"generic.attack_damage\", Amount: 6d, Operation: 0, UUID:[I;536892551,2093632430,-2137901413,-346757819]}],CustomModelData:1390068}"
              }
            ]
          }
        ]
      }
    ]
}