{
    "pools": [
      {
        "rolls": 1,
        "entries": [
          {
            "type": "item",
            "name": "minecraft:crossbow",
            "functions": [
              {
                "function": "set_nbt",
                "tag": "{id:\"ldmc:arbalest\",display: {Name: '[{\"translate\":\"item.ldmc.arbalest\",\"italic\":false}]'},CustomModelData:1390037, Enchantments:[{id:\"minecraft:piercing\",lvl:9},{id:\"minecraft:multishot\",lvl:1},{id:\"minecraft:quick_charge\",lvl:5}]}"
              }
            ]
          }
        ]
      }
    ]
  }
  