{
    "pools": [
      {
        "rolls": 1,
        "entries": [
          {
            "type": "item",
            "name": "minecraft:netherite_axe",
            "functions": [
              {
                "function": "set_nbt",
                "tag": "{id:\"ldmc:black_knight_greataxe\",display: {Name: '[{\"translate\":\"item.ldmc.black_knight_greataxe\",\"italic\":false}]'},CustomModelData:1390051,AttributeModifiers: [{Slot: \"mainhand\", AttributeName: \"generic.attack_damage\", Name: \"attack_damage\", Amount: 16d, Operation: 0, UUID: [I;-736755768,7882198,-1804195323,396188651]},{Slot: \"mainhand\", AttributeName: \"generic.attack_speed\", Name: \"attack_speed\", Amount: -3d, Operation: 0, UUID: [I;203311066,-2075180850,-1269094894,1477907051]}]}"
              }
            ]
          }
        ]
      }
    ]
  }
  