{
  "pools": [
    {
      "rolls": 1,
      "entries": [
        {
          "type": "item",
          "name": "minecraft:warped_fungus_on_a_stick",
          "functions": [
            {
              "function": "set_nbt",
              "tag": "{id:\"ldmc:bronze_medal\",display: {Name: '[{\"translate\":\"item.ldmc.bronze_medal\",\"italic\":false}]'},CustomModelData:1380003,AttributeModifiers: [{Slot: \"head\", AttributeName: \"generic.luck\", Name: \"generic.luck\", Amount: 1d, Operation: 0, UUID: [I; 588056, 25062485, 389899405, 86032010]}], HideFlags: 1b, Enchantments:[{id:\"minecraft:looting\",lvl:3}], Unbreakable: true}"
            }
          ]
        }
      ]
    }
  ]
}
