{
    "pools": [
      {
        "rolls": 1,
        "entries": [
          {
            "type": "item",
            "name": "minecraft:warped_fungus_on_a_stick",
            "functions": [
              {
                "function": "set_nbt",
                "tag": "{id:\"ldmc:caestus\",display: {Name: '[{\"translate\":\"item.ldmc.caestus\",\"italic\":false}]'},HideFlags:32,AttributeModifiers: [{Slot: \"offhand\", AttributeName: \"generic.attack_speed\", Name: \"generic.attack_speed\", Amount: 32767d, Operation: 0, UUID: [I;2073619950,1254182825,-1885242875,-1896682705]},{Slot: \"offhand\", AttributeName: \"generic.attack_damage\", Name: \"generic.attack_damage\", Amount: 2d, Operation: 0, UUID:[I;536892551,2093632430,-2137901413,-346757819]}],CustomModelData:1390071}"
              }
            ]
          }
        ]
      }
    ]
}