{
  "pools": [
    {
      "rolls": 1,
      "entries": [
        {
          "type": "item",
          "name": "minecraft:warped_fungus_on_a_stick",
          "functions": [
            {
              "function": "set_nbt",
              "tag": "{id:\"ldmc:cat_medal\",display: {Name: '[{\"translate\":\"item.ldmc.cat_medal\",\"italic\":false}]'},CustomModelData:1380004,ActiveEffects: [{Id:25,Duration:1,ShowParticles:0b}], AttributeModifiers: [{Slot: \"head\", AttributeName: \"generic.luck\", Name: \"generic.luck\", Amount: 1d, Operation: 0, UUID: [I; 532786, 306225, 2375405, 912710]}], HideFlags: 1b, Enchantments:[{id:\"minecraft:infinity\",lvl:1}], Unbreakable: true}"
            }
          ]
        }
      ]
    }
  ]
}
