{
  "pools": [
    {
      "rolls": 1,
      "entries": [
        {
          "type": "item",
          "name": "minecraft:written_book",
          "functions": [
            {
              "function": "set_nbt",
              "tag": "{pages:['[[\"Cheat Engine 7.5\n\nParam Patcher\n\n▣ Curse Knife\n▣ Lords of Cinder mode\n▣ No Hitbox\"]]'],title:\"book.ldmc.title.curse\",author:Ace_Taffy1,id:\"ldmc:cheat_engine\",display: {Name: '[{\"translate\":\"item.ldmc.cheat_engine\",\"italic\":false}]'},CustomModelData:1390005,AttributeModifiers: [{Slot: \"mainhand\", AttributeName: \"generic.movement_speed\", Name: \"generic.movement_speed\", Amount: 0.05d, Operation: 0, UUID: [I; 1123, -19411, -1240, -4010]},{Slot: \"mainhand\", AttributeName: \"generic.max_health\", Name: \"generic.max_health\", Amount: 512d, Operation: 0, UUID: [I; 8483, -11239411, -1456240, -4028310]},{Slot: \"mainhand\", AttributeName: \"generic.attack_damage\", Name: \"generic.attack_damage\", Amount: 32767d, Operation: 0, UUID:[I;1574056,556485,1894005,860107]}], Unbreakable: true}"
            }
          ]
        }
      ]
    }
  ]
}