{
    "pools": [
      {
        "rolls": 1,
        "entries": [
          {
            "type": "item",
            "name": "minecraft:bow",
            "functions": [
              {
                "function": "set_nbt",
                "tag": "{id:\"ldmc:dragonslayer_greatbow\",display: {Name: '[{\"translate\":\"item.ldmc.dragonslayer_greatbow\",\"italic\":false}]'},CustomModelData:1390036, Enchantments:[{id:\"minecraft:infinity\",lvl:1}]}"
              }
            ]
          }
        ]
      }
    ]
  }
  