{
  "pools": [
    {
      "rolls": 1,
      "entries": [
        {
          "type": "item",
          "name": "minecraft:golden_apple",
          "functions": [
            {
              "function": "set_nbt",
              "tag": "{id:\"ldmc:enchanted_berries\",display: {Name: '[{\"translate\":\"item.ldmc.enchanted_berries\",\"color\":\"#ffff00\",\"italic\":false}]'},CustomModelData:1390001,AttributeModifiers: [{Slot: \"mainhand\", AttributeName: \"generic.luck\", Name: \"generic.luck\", Amount: 1d, Operation: 0, UUID: [I; 548056, 2530625, 12389405, 862010]}], HideFlags: 1b, Enchantments:[{id:\"minecraft:infinity\",lvl:1}]}"
            }
          ]
        }
      ]
    }
  ]
}
