{
  "pools": [
    {
      "rolls": 1,
      "entries": [
        {
          "type": "item",
          "name": "minecraft:amethyst_shard",
          "functions": [
            {
              "function": "set_nbt",
              "tag": "{id:\"ldmc:eternal_crystal\",display: {Name: '[{\"translate\":\"item.ldmc.eternal_crystal\",\"color\":\"#33ffcc\",\"italic\":false}]'},HideFlags:1b,Enchantments:[{id:\"minecraft:looting\",lvl:10}],CustomModelData:1390012}"
            }
          ]
        }
      ]
    }
  ]
}