{
  "pools": [
    {
      "rolls": 1,
      "entries": [
        {
          "type": "item",
          "name": "minecraft:warped_fungus_on_a_stick",
          "functions": [
            {
              "function": "set_nbt",
              "tag": "{id:\"ldmc:gold_medal\",display: {Name: '[{\"translate\":\"item.ldmc.gold_medal\",\"italic\":false}]'},CustomModelData:1380001,AttributeModifiers: [{Slot: \"head\", AttributeName: \"generic.luck\", Name: \"generic.luck\", Amount: 3d, Operation: 0, UUID: [I; 1848056, 25562485, 1898994005, 860320107]}], HideFlags: 1b, Enchantments:[{id:\"minecraft:looting\",lvl:10}], Unbreakable: true}"
            }
          ]
        }
      ]
    }
  ]
}
