{
    "pools": [
      {
        "rolls": 1,
        "entries": [
          {
            "type": "item",
            "name": "minecraft:netherite_sword",
            "functions": [
              {
                "function": "set_nbt",
                "tag": "{HideFlags: 4,Charged:1b,id:\"ldmc:ringed_knight_straight_sword\",display: {Name: '[{\"translate\":\"item.ldmc.ringed_knight_straight_sword\",\"italic\":false}]'},CustomModelData:1390054,AttributeModifiers: [{Slot: \"mainhand\", AttributeName: \"generic.attack_speed\", Name: \"generic.attack_speed\", Amount: -2d, Operation: 0, UUID: [I; 114, 191, -140, -8100]},{Slot: \"mainhand\", AttributeName: \"generic.attack_damage\", Name: \"generic.attack_damage\", Amount: 10d, Operation: 0, UUID:[I;1848056,25562485,1898994005,860320107]}]}"
              }
            ]
          }
        ]
      }
    ]
  }