{
  "pools": [
    {
      "rolls": 1,
      "entries": [
        {
          "type": "item",
          "name": "minecraft:echo_shard",
          "functions": [
            {
              "function": "set_nbt",
              "tag": "{id:\"ldmc:sonic_boom_shard\",display: {Name: '[{\"translate\":\"item.ldmc.sonic_boom_shard\",\"italic\":false}]'},CustomModelData:1390003,AttributeModifiers: [{Slot: \"mainhand\", AttributeName: \"generic.attack_damage\", Name: \"attack_damage\", Amount: 5d, Operation: 0, UUID: [I; 114514, 1919810, -1145140, -19198100]}], HideFlags: 1b, Enchantments:[{id:\"minecraft:infinity\",lvl:1}], Unbreakable: true}"
            }
          ]
        }
      ]
    }
  ]
}
