{
    "pools": [
      {
        "rolls": 1,
        "entries": [
          {
            "type": "item",
            "name": "minecraft:warped_fungus_on_a_stick",
            "functions": [
              {
                "function": "set_nbt",
                "tag": "{id:\"ldmc:soul_of_nep\",display: {Name: '[{\"translate\":\"item.ldmc.soul_of_nep\",\"color\":\"#ffff00\",\"italic\":false}]'},CustomModelData:1390043, HideFlags: 1b, Enchantments:[{id:\"minecraft:infinity\",lvl:1}]}"
              }
            ]
          }
        ]
      }
    ]
  }
  