{
  "pools": [
    {
      "rolls": 1,
      "entries": [
        {
          "type": "minecraft:item",
          "name": "minecraft:iron_ingot",
          "functions": [
            {
              "function": "minecraft:set_count",
              "count": {
                "type": "minecraft:score",
                "target": {
                    "type": "context",
                    "target": "this"
                },
                "score": "steelCount"
              }
            },
            {
              "function": "minecraft:set_nbt",
              "tag": "{id:\"ldmc:steel_ingot\",display: {Name: '[{\"translate\":\"item.ldmc.steel_ingot\",\"italic\":false}]'},CustomModelData:1390006}"
            }
          ]
        }
      ]
    }
  ]
}
