{
  "pools": [
    {
      "rolls": 1,
      "entries": [
        {
          "type": "item",
          "name": "minecraft:crossbow",
          "functions": [
            {
              "function": "set_nbt",
              "tag": "{HideFlags:32,Charged:1b,id:\"ldmc:zweihander\",display: { Name: '[{\"translate\":\"item.ldmc.zweihander\",\"italic\":false}]'},CustomModelData:1390004,AttributeModifiers: [{Slot: \"mainhand\", AttributeName: \"generic.attack_speed\", Name: \"generic.attack_speed\", Amount: -3d, Operation: 0, UUID: [I; 114, 191, -140, -8100]},{Slot: \"mainhand\", AttributeName: \"generic.attack_damage\", Name: \"generic.attack_damage\", Amount: 25d, Operation: 0, UUID:[I;1848056,25562485,1898994005,860320107]}], Unbreakable: true}"
            }
          ]
        }
      ]
    }
  ]
}