{
  "type": "minecraft:entity",
  "pools": [
    {
      "bonus_rolls": 0.0,
      "entries": [
        {
          "type": "minecraft:item",
          "name": "minecraft:sculk_catalyst"
        }
      ],
      "rolls": 1.0
    },
    {
      "conditions": [
        {
          "condition": "minecraft:killed_by_player"
        },
        {
          "condition": "minecraft:random_chance_with_looting",
          "chance": 0.12,
          "looting_multiplier": 0.05
        }
      ],
      "rolls": 1,
      "entries": [
        {
          "type": "minecraft:loot_table",
          "name": "ldmc:items/sonic_boom_shard"
        }
      ]
    }
  ],
  "random_sequence": "minecraft:entities/warden"
}