{
  "pools": [
    {
      "rolls": 1,
      "entries": [
        {
          "type": "item",
          "name": "minecraft:elytra",
          "functions": [
            {
              "function": "set_nbt",
              "tag": "{id:\"ldmc:bomber\",display: {Name: '[{\"translate\":\"item.ldmc.bomber\",\"italic\":false}]'},AttributeModifiers: [{Slot: \"chest\", AttributeName: \"generic.armor\", Name: \"generic.armor\", Amount: 5d, Operation: 0, UUID: [I;92763756, -2850677, -2309511, 741043401]}], Unbreakable: true}"
            }
          ]
        }
      ]
    }
  ]
}
