{
  "pools": [
    {
      "rolls": 1,
      "entries": [
        {
          "type": "item",
          "name": "minecraft:diamond_boots",
          "functions": [
            {
              "function": "set_nbt",
              "tag": "{id:\"ldmc:drakeblood_boots\",CustomModelData:1390048,Trim:{material:\"minecraft:impossible\",pattern:\"minecraft:drakeblood_set\"},display: {Name: '[{\"translate\":\"item.ldmc.drakeblood_boots\",\"italic\":false}]'},AttributeModifiers: [{Slot: \"feet\", AttributeName: \"generic.knockback_resistance\", Name: \"knockback_resistance\", Amount: 0.2d, Operation: 0, UUID: [I;57947147,-101038559,-2034677298,-1552483892]},{Slot: \"feet\", AttributeName: \"generic.armor\", Name: \"armor\", Amount: 6d, Operation: 0, UUID: [I;1833100625,-704888601,-1703342804,-562226088]},{Slot: \"feet\", AttributeName: \"generic.armor_toughness\", Name: \"armor_toughness\", Amount: 3d, Operation: 0, UUID: [I;-1902049548,610684349,-1830955041,671396549]}]}"
            }
          ]
        }
      ]
    }
  ]
}
