{
  "pools": [
    {
      "rolls": 1,
      "entries": [
        {
          "type": "item",
          "name": "minecraft:diamond_helmet",
          "functions": [
            {
              "function": "set_nbt",
              "tag": "{id:\"ldmc:drakeblood_helmet\",CustomModelData:1390046,Trim:{material:\"minecraft:impossible\",pattern:\"minecraft:drakeblood_set\"},display: {Name: '[{\"translate\":\"item.ldmc.drakeblood_helmet\",\"italic\":false}]'},AttributeModifiers: [{Slot: \"head\", AttributeName: \"generic.knockback_resistance\", Name: \"knockback_resistance\", Amount: 0.2d, Operation: 0, UUID: [I; 285769164, 95763, 45233, 650]},{Slot: \"head\", AttributeName: \"generic.armor\", Name: \"armor\", Amount: 6d, Operation: 0, UUID: [I;-1287162768,-1437776196,-1138447402,-468820039]},{Slot: \"head\", AttributeName: \"generic.armor_toughness\", Name: \"armor_toughness\", Amount: 3d, Operation: 0, UUID: [I;-2016744197,-1881193435,-1547745125,-344134021]}]}"
            }
          ]
        }
      ]
    }
  ]
}
