{
  "pools": [
    {
      "rolls": 1,
      "entries": [
        {
          "type": "item",
          "name": "minecraft:iron_leggings",
          "functions": [
            {
              "function": "set_nbt",
              "tag": "{id:\"ldmc:steel_leggings\",CustomModelData:1390031,Trim:{material:\"minecraft:impossible\",pattern:\"minecraft:steel_armor\"},display: {Name: '[{\"translate\":\"item.ldmc.steel_leggings\",\"italic\":false}]'},AttributeModifiers: [{Slot: \"legs\", AttributeName: \"generic.knockback_resistance\", Name: \"knockback_resistance\", Amount: 0.1d, Operation: 0, UUID: [I;-1096059802,973884173,-1459325260,-1676015336]},{Slot: \"legs\", AttributeName: \"generic.armor\", Name: \"armor\", Amount: 6d, Operation: 0, UUID: [I;-126496522,1925924516,-1162322470,-113067609]},{Slot: \"legs\", AttributeName: \"generic.armor_toughness\", Name: \"armor_toughness\", Amount: 2d, Operation: 0, UUID: [I;246577273,306069900,-1440640478,-979850121]}]}"
            }
          ]
        }
      ]
    }
  ]
}
