{
  "pools": [
    {
      "rolls": 1,
      "entries": [
        {
          "type": "item",
          "name": "minecraft:netherite_helmet",
          "functions": [
            {
              "function": "set_nbt",
              "tag": "{id:\"ldmc:witherite_helmet\",CustomModelData:1390007,Trim:{material:\"minecraft:impossible\",pattern:\"minecraft:wither_armor\"},display: {Name: '[{\"translate\":\"item.ldmc.witherite_helmet\",\"italic\":false}]'},AttributeModifiers: [{Slot: \"head\", AttributeName: \"generic.knockback_resistance\", Name: \"knockback_resistance\", Amount: 0.3d, Operation: 0, UUID: [I; 285769164, 95763, 45233, 650]},{Slot: \"head\", AttributeName: \"generic.max_health\", Name: \"max_health\", Amount: 4.5d, Operation: 0, UUID: [I; 3820112, -857988, 936250, -3826601]},{Slot: \"head\", AttributeName: \"generic.armor\", Name: \"armor\", Amount: 7d, Operation: 0, UUID: [I;-1287162768,-1437776196,-1138447402,-468820039]},{Slot: \"head\", AttributeName: \"generic.armor_toughness\", Name: \"armor_toughness\", Amount: 4d, Operation: 0, UUID: [I;-2016744197,-1881193435,-1547745125,-344134021]}]}"
            }
          ]
        }
      ]
    }
  ]
}
