{
  "pools": [
    {
      "rolls": 1,
      "entries": [
        {
          "type": "item",
          "name": "minecraft:netherite_chestplate",
          "functions": [
            {
              "function": "set_nbt",
              "tag": "{id:\"ldmc:witherite_chestplate\",CustomModelData:1390008,Trim:{material:\"minecraft:impossible\",pattern:\"minecraft:wither_armor\"},display: {Name: '[{\"translate\":\"item.ldmc.witherite_chestplate\",\"italic\":false}]'},AttributeModifiers: [{Slot: \"chest\", AttributeName: \"generic.knockback_resistance\", Name: \"knockback_resistance\", Amount: 0.3d, Operation: 0, UUID: [I; 129464, -492014, 2795133, 32650]},{Slot: \"chest\", AttributeName: \"generic.max_health\", Name: \"max_health\", Amount: 6d, Operation: 0, UUID: [I; 238502122, -75023, 38682, -28500]},{Slot: \"chest\", AttributeName: \"generic.armor\", Name: \"armor\", Amount: 12d, Operation: 0, UUID: [I;-907572684,1771062337,-1184947814,324861679]},{Slot: \"chest\", AttributeName: \"generic.armor_toughness\", Name: \"armor_toughness\", Amount: 4d, Operation: 0, UUID: [I;-1456850697,1763131480,-1738748357,-448151379]}]}"
            }
          ]
        }
      ]
    }
  ]
}
