{
  "pools": [
    {
      "rolls": 1,
      "entries": [
        {
          "type": "item",
          "name": "minecraft:netherite_boots",
          "functions": [
            {
              "function": "set_nbt",
              "tag": "{id:\"ldmc:witherite_boots\",CustomModelData:1390010,Trim:{material:\"minecraft:impossible\",pattern:\"minecraft:wither_armor\"},display: {Name: '[{\"translate\":\"item.ldmc.witherite_boots\",\"italic\":false}]'},AttributeModifiers: [{Slot: \"feet\", AttributeName: \"generic.knockback_resistance\", Name: \"knockback_resistance\", Amount: 0.3d, Operation: 0, UUID: [I;57947147,-101038559,-2034677298,-1552483892]},{Slot: \"feet\", AttributeName: \"generic.max_health\", Name: \"max_health\", Amount: 4.5d, Operation: 0, UUID: [I;-630583553,-2037690798,-2092749086,-198539528]},{Slot: \"feet\", AttributeName: \"generic.armor\", Name: \"armor\", Amount: 7d, Operation: 0, UUID: [I;1833100625,-704888601,-1703342804,-562226088]},{Slot: \"feet\", AttributeName: \"generic.armor_toughness\", Name: \"armor_toughness\", Amount: 4d, Operation: 0, UUID: [I;-1902049548,610684349,-1830955041,671396549]}]}"
            }
          ]
        }
      ]
    }
  ]
}
