{
    "display": {
      "icon": {
        "item": "minecraft:amethyst_shard",
        "nbt": "{CustomModelData:1390012,HideFlags:1b,Enchantments:[{id:\"minecraft:infinity\",lvl:1}]}"
      },
      "title": { "translate": "advancements.ldmc.func.eternal_crystal.title" },
      "description": { "translate": "advancements.ldmc.func.eternal_crystal.disc" },
      "frame": "goal"
    },
    "parent": "ldmc:func/elder",
    "criteria": {
      "ldmc": {
        "trigger": "minecraft:impossible"
      }
    }
  }