{
  "display": {
    "icon": {
      "item": "minecraft:lodestone",
      "nbt": "{CustomModelData:1440011}"
    },
    "title": { "translate": "advancements.ldmc.func.find_firelink_shrine.title" },
    "description": { "translate": "advancements.ldmc.func.find_firelink_shrine.disc" },
    "frame": "task",
    "background": "ld:textures/gui/advancements/backgrounds/chiseled_quartz_block.png"
  },
  "parent": "ldmc:func/ldmc",
  "criteria": {
    "firelink_shrine": {
        "conditions": {
          "player": [
            {
              "condition": "minecraft:entity_properties",
              "entity": "this",
              "predicate": {
                "location": {
                  "structure": "ldmc:firelink_shrine"
                }
              }
            }
          ]
        },
        "trigger": "minecraft:location"
      }
  }
}