{
  "display": {
    "icon": {
      "item": "minecraft:reinforced_deepslate"
    },
    "title": { "translate": "advancements.ldmc.func.find_ancient_city.title" },
    "description": { "translate": "advancements.ldmc.func.find_ancient_city.disc" },
    "frame": "task"
  },
  "parent": "ldmc:func/ldmc",
  "criteria": {
    "ancient_city": {
        "conditions": {
          "player": [
            {
              "condition": "minecraft:entity_properties",
              "entity": "this",
              "predicate": {
                "location": {
                  "structure": "minecraft:ancient_city"
                }
              }
            }
          ]
        },
        "trigger": "minecraft:location"
      }
  }
}