{
    "display": {
      "icon": {
        "item": "minecraft:warped_fungus_on_a_stick",
        "nbt": "{CustomModelData:1380001}"
      },
      "title": { "translate": "advancements.ldmc.func.ldmc.title" },
      "description": { "translate": "advancements.ldmc.func.ldmc.disc"},
      "frame": "task",
      "background": "ld:textures/gui/advancements/backgrounds/chiseled_quartz_block.png"
    },
    "criteria": {
      "ldmc": {
        "trigger": "minecraft:impossible"
      }
    }
  }