{
    "display": {
      "icon": {
        "item": "minecraft:crossbow",
        "nbt": "{CustomModelData:1390058}"
      },
      "title": { "translate": "advancements.ldmc.func.pontiff_knight_curved_sword.title" },
      "description": { "translate": "advancements.ldmc.func.pontiff_knight_curved_sword.disc" },
      "frame": "challenge"
    },
    "parent": "ldmc:func/eternal_crystal",
    "criteria": {
      "ldmc": {
        "trigger": "minecraft:impossible"
      }
    }
  }