{
    "type": "minecraft:entity",
    "pools": [
      {
        "bonus_rolls": 0.0,
        "entries": [
          {
            "type": "minecraft:loot_table",
            "name": "ldmc:items/shadow_pearl"
          }
        ],
        "rolls": 1.0
      },
      {
        "conditions": [
          {
            "condition": "minecraft:killed_by_player"
          },
          {
            "condition": "minecraft:random_chance_with_looting",
            "chance": 0.3,
            "looting_multiplier": 0.1
          }
        ],
        "rolls": 1,
        "entries": [
          {
            "type": "minecraft:loot_table",
            "name": "ldmc:items/eternal_crystal"
          }
        ]
      }
    ]
}