{
  "type": "minecraft:jigsaw",
  "biomes": "#minecraft:is_mountain",
  "step": "surface_structures",
  "spawn_overrides": {
    "ambient": {
      "bounding_box": "full",
      "spawns": []
    },
    "axolotls": {
      "bounding_box": "full",
      "spawns": []
    },
    "creature": {
      "bounding_box": "full",
      "spawns": []
    },
    "misc": {
      "bounding_box": "full",
      "spawns": []
    },
    "monster": {
      "bounding_box": "full",
      "spawns": []
    },
    "underground_water_creature": {
      "bounding_box": "full",
      "spawns": []
    },
    "water_ambient": {
      "bounding_box": "full",
      "spawns": []
    },
    "water_creature": {
      "bounding_box": "full",
      "spawns": []
    }
  },
  "terrain_adaptation": "none",
  "start_pool": "ldmc:firelink_shrine/firelink_shrine_roof3",
  "size": 7,
  "start_height": {
    "absolute": 35
  },
  "project_start_to_heightmap": "WORLD_SURFACE_WG",
  "max_distance_from_center": 116,
  "use_expansion_hack": false
}