{
    "pools": [
      {
        "rolls": 1,
        "entries": [
          {
            "type": "item",
            "name": "minecraft:iron_sword",
            "functions": [
              {
                "function": "set_nbt",
                "tag": "{id:\"ldmc:drakeblood_greatsword\",CustomModelData:1390044,display: {Name: '[{\"translate\":\"item.ldmc.drakeblood_greatsword\",\"italic\":false}]'},AttributeModifiers: [{Slot: \"mainhand\", AttributeName: \"generic.attack_damage\", Name: \"attack_damage\", Amount: 11d, Operation: 0, UUID: [I;-73423468,38863928,-180720833,216943651]},{Slot: \"mainhand\", AttributeName: \"generic.attack_speed\", Name: \"attack_speed\", Amount: 1.6d, Operation: 0, UUID: [I;95273066,-940253550,-10930394,-779051]}]}"
              }
            ]
          }
        ]
      }
    ]
  }
  