{
    "pools": [
      {
        "rolls": 1,
        "entries": [
          {
            "type": "item",
            "name": "minecraft:iron_hoe",
            "functions": [
              {
                "function": "set_nbt",
                "tag": "{id:\"ldmc:steel_hoe\",CustomModelData:1390033,display: {Name: '[{\"translate\":\"item.ldmc.steel_hoe\",\"italic\":false}]'},AttributeModifiers: [{Slot: \"mainhand\", AttributeName: \"generic.attack_damage\", Name: \"attack_damage\", Amount: 4d, Operation: 0, UUID: [I;-1969313194,2075938070,-2139668654,1404769491]},{Slot: \"mainhand\", AttributeName: \"generic.attack_speed\", Name: \"attack_speed\", Amount: 1d, Operation: 0, UUID: [I;236311380,1858817345,-1540771854,-1358714185]}]}"
              }
            ]
          }
        ]
      }
    ]
  }
  