{
    "pools": [
      {
        "rolls": 1,
        "entries": [
          {
            "type": "item",
            "name": "minecraft:iron_pickaxe",
            "functions": [
              {
                "function": "set_nbt",
                "tag": "{id:\"ldmc:steel_pickaxe\",CustomModelData:1390034,display: {Name: '[{\"translate\":\"item.ldmc.steel_pickaxe\",\"italic\":false}]'},AttributeModifiers: [{Slot: \"mainhand\", AttributeName: \"generic.attack_damage\", Name: \"attack_damage\", Amount: 5d, Operation: 0, UUID: [I;-1883131640,-1778039161,-1840742915,2126283660]},{Slot: \"mainhand\", AttributeName: \"generic.attack_speed\", Name: \"attack_speed\", Amount: 1.2d, Operation: 0, UUID: [I;-383864936,-1593356879,-2073559739,160499816]}]}"
              }
            ]
          }
        ]
      }
    ]
  }
  