{
    "pools": [
      {
        "rolls": 1,
        "entries": [
          {
            "type": "item",
            "name": "minecraft:iron_shovel",
            "functions": [
              {
                "function": "set_nbt",
                "tag": "{id:\"ldmc:steel_shovel\",CustomModelData:1390035,display: {Name: '[{\"translate\":\"item.ldmc.steel_shovel\",\"italic\":false}]'},AttributeModifiers: [{Slot: \"mainhand\", AttributeName: \"generic.attack_damage\", Name: \"attack_damage\", Amount: 5.5d, Operation: 0, UUID: [I;1816101900,483082991,-1246807113,-1314571865]},{Slot: \"mainhand\", AttributeName: \"generic.attack_speed\", Name: \"attack_speed\", Amount: 1d, Operation: 0, UUID: [I;202739193,-794540174,-1834728608,2029606460]}]}"
              }
            ]
          }
        ]
      }
    ]
  }
  