{
    "pools": [
      {
        "rolls": 1,
        "entries": [
          {
            "type": "item",
            "name": "minecraft:iron_axe",
            "functions": [
              {
                "function": "set_nbt",
                "tag": "{id:\"ldmc:steel_axe\",CustomModelData:1390032,display: {Name: '[{\"translate\":\"item.ldmc.steel_axe\",\"italic\":false}]'},AttributeModifiers: [{Slot: \"mainhand\", AttributeName: \"generic.attack_damage\", Name: \"attack_damage\", Amount: 9d, Operation: 0, UUID: [I;-736755768,7882198,-1804195323,396188651]},{Slot: \"mainhand\", AttributeName: \"generic.attack_speed\", Name: \"attack_speed\", Amount: 1d, Operation: 0, UUID: [I;203311066,-2075180850,-1269094894,1477907051]}]}"
              }
            ]
          }
        ]
      }
    ]
  }
  